id ,toy_id,order_id,quantity,price
1,321,1,2,29.99
2,167,2,3,14.95
3,584,3,1,22.95
4,459,4,4,39.99
5,287,5,2,16.49
6,207,6,1,24.99
7,418,7,3,34.99
8,568,8,1,27.5
9,92,9,2,32.99
10,149,10,1,19.99
11,474,11,4,14.95
12,593,12,1,22.95
13,547,13,2,39.99
14,123,14,3,16.49
15,338,15,1,24.99
16,581,16,4,34.99
17,410,17,1,27.5
18,282,18,2,32.99
19,215,19,1,19.99
20,147,20,3,14.95
21,596,21,1,22.95
22,332,22,2,39.99
23,496,23,1,16.49
24,518,24,4,24.99
25,275,25,1,27.5
26,666,26,2,32.99
27,421,27,1,19.99
28,598,28,3,14.95
29,275,29,1,22.95
30,332,30,4,39.99
31,496,31,1,16.49
32,518,32,2,24.99
33,147,33,1,27.5
34,666,34,3,32.99
35,421,35,1,19.99
36,598,36,2,14.95
37,275,37,1,22.95
38,332,38,4,39.99
39,496,39,1,16.49
40,518,40,2,24.99
41,147,41,1,27.5
42,666,42,3,32.99
43,421,43,1,19.99
44,598,44,2,14.95
45,275,45,1,22.95
46,332,46,4,39.99
47,496,47,1,16.49
48,518,48,2,24.99
49,147,49,1,27.5
50,666,50,3,32.99
51,421,51,1,19.99
52,598,52,2,14.95
53,275,53,1,22.95
54,332,54,4,39.99
55,496,55,1,16.49
56,518,56,2,24.99
57,147,57,1,27.5
58,666,58,3,32.99
59,421,59,1,19.99
60,598,60,2,14.95
61,275,61,1,22.95
62,332,62,4,39.99
63,496,63,1,16.49
64,518,64,2,24.99
65,147,65,1,27.5
66,666,66,3,32.99
67,421,67,1,19.99
68,598,68,2,14.95
69,275,69,1,22.95
70,332,70,4,39.99
71,496,71,1,16.49
72,518,72,2,24.99
73,147,73,1,27.5
74,666,74,3,32.99
75,421,75,1,19.99
76,598,76,2,14.95
77,275,77,1,22.95
78,332,78,4,39.99
79,496,79,1,16.49
80,518,80,2,24.99
81,147,81,1,27.5
82,666,82,3,32.99
83,421,83,1,19.99
84,598,84,2,14.95
85,275,85,1,22.95
86,332,86,4,39.99
87,496,87,1,16.49
88,518,88,2,24.99
89,147,89,1,27.5
90,666,90,3,32.99
91,421,91,1,19.99
92,598,92,2,14.95
93,275,93,1,22.95
94,332,94,4,39.99
95,496,95,1,16.49
96,518,96,2,24.99
97,147,97,1,27.5
98,666,98,3,32.99
99,421,99,1,19.99
100,598,100,2,14.95
101,275,101,1,22.95
102,332,102,4,39.99
103,496,103,1,16.49
104,518,104,2,24.99
105,147,105,1,27.5
106,666,106,3,32.99
107,421,107,1,19.99
108,598,108,2,14.95
109,275,109,1,22.95
110,332,110,4,39.99
111,496,111,1,16.49
112,518,112,2,24.99
113,147,113,1,27.5
114,666,114,3,32.99
115,421,115,1,19.99
116,598,116,2,14.95
117,275,117,1,22.95
118,332,118,4,39.99
119,496,119,1,16.49
120,518,120,2,24.99
121,147,121,1,27.5
122,666,122,3,32.99
123,421,123,1,19.99
124,598,124,2,14.95
125,275,125,1,22.95
126,332,126,4,39.99
127,496,127,1,16.49
128,518,128,2,24.99
129,147,129,1,27.5
130,666,130,3,32.99
131,421,131,1,19.99
132,598,132,2,14.95
133,275,133,1,22.95
134,332,134,4,39.99
135,496,135,1,16.49
136,518,136,2,24.99
137,147,137,1,27.5
138,666,138,3,32.99
139,421,139,1,19.99
140,598,140,2,14.95
141,275,141,1,22.95
142,332,142,4,39.99
143,496,143,1,16.49
144,518,144,2,24.99
145,147,145,1,27.5
146,666,146,3,32.99
147,421,147,1,19.99
148,598,148,2,14.95
149,275,149,1,22.95
150,332,150,4,39.99
151,496,151,1,16.49
152,518,152,2,24.99
153,147,153,1,27.5
154,666,154,3,32.99
155,421,155,1,19.99
156,598,156,2,14.95
157,275,157,1,22.95
158,332,158,4,39.99
159,496,159,1,16.49
160,518,160,2,24.99
161,147,161,1,27.5
162,666,162,3,32.99
163,421,163,1,19.99
164,598,164,2,14.95
165,275,165,1,22.95
166,332,166,4,39.99
167,496,167,1,16.49
168,518,168,2,24.99
169,147,169,1,27.5
170,666,170,3,32.99
171,421,171,1,19.99
172,598,172,2,14.95
173,275,173,1,22.95
174,332,174,4,39.99
175,496,175,1,16.49
176,518,176,2,24.99
177,147,177,1,27.5
178,666,178,3,32.99
179,421,179,1,19.99
180,598,180,2,14.95
181,275,181,1,22.95
182,332,182,4,39.99
183,496,183,1,16.49
184,518,184,2,24.99
185,147,185,1,27.5
186,666,186,3,32.99
187,421,187,1,19.99
188,598,188,2,14.95
189,275,189,1,22.95
190,332,190,4,39.99
191,496,191,1,16.49
192,518,192,2,24.99
193,147,193,1,27.5
194,666,194,3,32.99
195,421,195,1,19.99
196,598,196,2,14.95
197,275,197,1,22.95
198,332,198,4,39.99
199,496,199,1,16.49
200,518,200,2,24.99
201,147,201,1,27.5
202,666,202,3,32.99
203,421,203,1,19.99
204,598,204,2,14.95
205,275,205,1,22.95
206,332,206,4,39.99
207,496,207,1,16.49
208,518,208,2,24.99
209,147,209,1,27.5
210,666,210,3,32.99
211,421,211,1,19.99
212,598,212,2,14.95
213,275,213,1,22.95
214,332,214,4,39.99
215,496,215,1,16.49
216,518,216,2,24.99
217,147,217,1,27.5
218,666,218,3,32.99
219,421,219,1,19.99
220,598,220,2,14.95
221,275,221,1,22.95
222,332,222,4,39.99
223,496,223,1,16.49
224,518,224,2,24.99
225,147,225,1,27.5
226,666,226,3,32.99
227,421,227,1,19.99
228,598,228,2,14.95
229,275,229,1,22.95
230,332,230,4,39.99
231,496,231,1,16.49
232,518,232,2,24.99
233,147,233,1,27.5
234,666,234,3,32.99
235,421,235,1,19.99
236,598,236,2,14.95
237,275,237,1,22.95
238,332,238,4,39.99
239,496,239,1,16.49
240,518,240,2,24.99
241,147,241,1,27.5
242,666,242,3,32.99
243,421,243,1,19.99
244,598,244,2,14.95
245,275,245,1,22.95
246,332,246,4,39.99
247,496,247,1,16.49
248,518,248,2,24.99
249,147,249,1,27.5
250,666,250,3,32.99
251,421,251,1,19.99
252,598,252,2,14.95
253,275,253,1,22.95
254,332,254,4,39.99
255,496,255,1,16.49
256,518,256,2,24.99
257,147,257,1,27.5
258,666,258,3,32.99
259,421,259,1,19.99
260,598,260,2,14.95
261,275,261,1,22.95
262,332,262,4,39.99
263,496,263,1,16.49
264,518,264,2,24.99
265,147,265,1,27.5
266,666,266,3,32.99
267,421,267,1,19.99
268,598,268,2,14.95
269,275,269,1,22.95
270,332,270,4,39.99
271,496,271,1,16.49
272,518,272,2,24.99
273,147,273,1,27.5
274,666,274,3,32.99
275,421,275,1,19.99
276,598,276,2,14.95
277,275,277,1,22.95
278,332,278,4,39.99
279,496,279,1,16.49
280,518,280,2,24.99
281,147,281,1,27.5
282,666,282,3,32.99
283,421,283,1,19.99
284,598,284,2,14.95
285,275,285,1,22.95
286,332,286,4,39.99
287,496,287,1,16.49
288,518,288,2,24.99
289,147,289,1,27.5
290,666,290,3,32.99
291,421,291,1,19.99
292,598,292,2,14.95
293,275,293,1,22.95
294,332,294,4,39.99
295,496,295,1,16.49
296,518,296,2,24.99
297,147,297,1,27.5
298,666,298,3,32.99
299,421,299,1,19.99
300,598,300,2,14.95
301,275,301,1,22.95
302,332,302,4,39.99
303,496,303,1,16.49
304,518,304,2,24.99
305,147,305,1,27.5
306,666,306,3,32.99
307,421,307,1,19.99
308,598,308,2,14.95
309,275,309,1,22.95
310,332,310,4,39.99
311,496,311,1,16.49
312,518,312,2,24.99
313,147,313,1,27.5
314,666,314,3,32.99
315,421,315,1,19.99
316,598,316,2,14.95
317,275,317,1,22.95
318,332,318,4,39.99
319,496,319,1,16.49
320,518,320,2,24.99
321,147,321,1,27.5
322,666,322,3,32.99
323,421,323,1,19.99
324,598,324,2,14.95
325,275,325,1,22.95
326,332,326,4,39.99
327,496,327,1,16.49
328,518,328,2,24.99
329,147,329,1,27.5
330,666,330,3,32.99
331,421,331,1,19.99
332,598,332,2,14.95
333,275,333,1,22.95
334,332,334,4,39.99
335,496,335,1,16.49
336,518,336,2,24.99
337,147,337,1,27.5
338,666,338,3,32.99
339,421,339,1,19.99
340,598,340,2,14.95
341,275,341,1,22.95
342,332,342,4,39.99
343,496,343,1,16.49
344,518,344,2,24.99
345,147,345,1,27.5
346,666,346,3,32.99
347,421,347,1,19.99
348,598,348,2,14.95
349,275,349,1,22.95
350,332,350,4,39.99
351,496,351,1,16.49
352,518,352,2,24.99
353,147,353,1,27.5
354,666,354,3,32.99
355,421,355,1,19.99
356,598,356,2,14.95
357,275,357,1,22.95
358,332,358,4,39.99
359,496,359,1,16.49
360,518,360,2,24.99
361,147,361,1,27.5
362,666,362,3,32.99
363,421,363,1,19.99
364,598,364,2,14.95
365,275,365,1,22.95
366,332,366,4,39.99
367,496,367,1,16.49
368,518,368,2,24.99
369,147,369,1,27.5
370,666,370,3,32.99
371,421,371,1,19.99
372,598,372,2,14.95
373,275,373,1,22.95
374,332,374,4,39.99
375,496,375,1,16.49
376,518,376,2,24.99
377,147,377,1,27.5
378,666,378,3,32.99
379,421,379,1,19.99
380,598,380,2,14.95
381,275,381,1,22.95
382,332,382,4,39.99
383,496,383,1,16.49
384,518,384,2,24.99
385,147,385,1,27.5
386,666,386,3,32.99
387,421,387,1,19.99
388,598,388,2,14.95
389,275,389,1,22.95
390,332,390,4,39.99
391,496,391,1,16.49
392,518,392,2,24.99
393,147,393,1,27.5
394,666,394,3,32.99
395,421,395,1,19.99
396,598,396,2,14.95
397,275,397,1,22.95
398,332,398,4,39.99
399,496,399,1,16.49
400,518,400,2,24.99
401,147,401,1,27.5
402,666,402,3,32.99
403,421,403,1,19.99
404,598,404,2,14.95
405,275,405,1,22.95
406,332,406,4,39.99
407,496,407,1,16.49
408,518,408,2,24.99
409,147,409,1,27.5
410,666,410,3,32.99
411,421,411,1,19.99
412,598,412,2,14.95
413,275,413,1,22.95
414,332,414,4,39.99
415,496,415,1,16.49
416,518,416,2,24.99
417,147,417,1,27.5
418,666,418,3,32.99
419,421,419,1,19.99
420,598,420,2,14.95
421,275,421,1,22.95
422,332,422,4,39.99
423,496,423,1,16.49
424,518,424,2,24.99
425,147,425,1,27.5
426,666,426,3,32.99
427,421,427,1,19.99
428,598,428,2,14.95
429,275,429,1,22.95
430,332,430,4,39.99
431,496,431,1,16.49
432,518,432,2,24.99
433,147,433,1,27.5
434,666,434,3,32.99
435,421,435,1,19.99
436,598,436,2,14.95
437,275,437,1,22.95
438,332,438,4,39.99
439,496,439,1,16.49
440,518,440,2,24.99
441,147,441,1,27.5
442,666,442,3,32.99
443,421,443,1,19.99
444,598,444,2,14.95
445,275,445,1,22.95
446,332,446,4,39.99
447,496,447,1,16.49
448,518,448,2,24.99
449,147,449,1,27.5
450,666,450,3,32.99
451,421,451,1,19.99
452,598,452,2,14.95
453,275,453,1,22.95
454,332,454,4,39.99
455,496,455,1,16.49
456,518,456,2,24.99
457,147,457,1,27.5
458,666,458,3,32.99
459,421,459,1,19.99
460,598,460,2,14.95
461,275,461,1,22.95
462,332,462,4,39.99
463,496,463,1,16.49
464,518,464,2,24.99
465,147,465,1,27.5
466,666,466,3,32.99
467,421,467,1,19.99
468,598,468,2,14.95
469,275,469,1,22.95
470,332,470,4,39.99
471,496,471,1,16.49
472,518,472,2,24.99
473,147,473,1,27.5
474,666,474,3,32.99
475,421,475,1,19.99
476,598,476,2,14.95
477,275,477,1,22.95
478,332,478,4,39.99
479,496,479,1,16.49
480,518,480,2,24.99
481,147,481,1,27.5
482,666,482,3,32.99
483,421,483,1,19.99
484,598,484,2,14.95
485,275,485,1,22.95
486,332,486,4,39.99
487,496,487,1,16.49
488,518,488,2,24.99
489,147,489,1,27.5
490,666,490,3,32.99
491,421,491,1,19.99
492,598,492,2,14.95
493,275,493,1,22.95
494,332,494,4,39.99
495,496,495,1,16.49
496,518,496,2,24.99
497,147,497,1,27.5
498,666,498,3,32.99
499,421,499,1,19.99
500,598,500,2,14.95
501,275,501,1,22.95
502,332,502,4,39.99
503,496,503,1,16.49
504,518,504,2,24.99
505,147,505,1,27.5
506,666,506,3,32.99
507,421,507,1,19.99
508,598,508,2,14.95
509,275,509,1,22.95
510,332,510,4,39.99
511,496,511,1,16.49
512,518,512,2,24.99
513,147,513,1,27.5
514,666,514,3,32.99
515,421,515,1,19.99
516,598,516,2,14.95
517,275,517,1,22.95
518,332,518,4,39.99
519,496,519,1,16.49
520,518,520,2,24.99
521,147,521,1,27.5
522,666,522,3,32.99
523,421,523,1,19.99
524,598,524,2,14.95
525,275,525,1,22.95
526,332,526,4,39.99
527,496,527,1,16.49
528,518,528,2,24.99
529,147,529,1,27.5
530,666,530,3,32.99
531,421,531,1,19.99
532,598,532,2,14.95
533,275,533,1,22.95
534,332,534,4,39.99
535,496,535,1,16.49
536,518,536,2,24.99
537,147,537,1,27.5
538,666,538,3,32.99
539,421,539,1,19.99
540,598,540,2,14.95
541,275,541,1,22.95
542,332,542,4,39.99
543,496,543,1,16.49
544,518,544,2,24.99
545,147,545,1,27.5
546,666,546,3,32.99
547,421,547,1,19.99
548,598,548,2,14.95
549,275,549,1,22.95
550,332,550,4,39.99
551,496,551,1,16.49
552,518,552,2,24.99
553,147,553,1,27.5
554,666,554,3,32.99
555,421,555,1,19.99
556,598,556,2,14.95
557,275,557,1,22.95
558,332,558,4,39.99
559,496,559,1,16.49
560,518,560,2,24.99
561,147,561,1,27.5
562,666,562,3,32.99
563,421,563,1,19.99
564,598,564,2,14.95
565,275,565,1,22.95
566,332,566,4,39.99
567,496,567,1,16.49
568,518,568,2,24.99
569,147,569,1,27.5
570,666,570,3,32.99
571,421,571,1,19.99
572,598,572,2,14.95
573,275,573,1,22.95
574,332,574,4,39.99
575,496,575,1,16.49
576,518,576,2,24.99
577,147,577,1,27.5
578,666,578,3,32.99
579,421,579,1,19.99
580,598,580,2,14.95
581,275,581,1,22.95
582,332,582,4,39.99
583,496,583,1,16.49
584,518,584,2,24.99
585,147,585,1,27.5
586,666,586,3,32.99
587,421,587,1,19.99
588,598,588,2,14.95
589,275,589,1,22.95
590,332,590,4,39.99
591,496,591,1,16.49
592,518,592,2,24.99
593,147,593,1,27.5
594,666,594,3,32.99
595,421,595,1,19.99
596,598,596,2,14.95
597,275,597,1,22.95
598,332,598,4,39.99
599,496,599,1,16.49
600,518,600,2,24.99
